time_s,util_fraction
0.0,0.0
0.042145,0.041666666666666664
0.042145,0.041666666666666664
0.04900214285714286,0.08333333333333333
0.04217,0.08333333333333333
0.05585928571428572,0.125
0.042195,0.125
0.06271642857142858,0.16666666666666666
0.04222,0.16666666666666666
0.04900214285714286,0.125
0.06957357142857143,0.16666666666666666
0.04900214285714286,0.16666666666666666
0.05585928571428572,0.125
0.30957357142857145,0.16666666666666666
0.05585928571428572,0.16666666666666666
0.06271642857142858,0.125
0.5495735714285714,0.16666666666666666
0.06271642857142858,0.16666666666666666
0.06957357142857143,0.125
0.7895735714285714,0.16666666666666666
0.06957357142857143,0.16666666666666666
0.30957357142857145,0.125
1.0295735714285714,0.16666666666666666
0.30957357142857145,0.16666666666666666
0.5495735714285714,0.125
1.2695735714285714,0.16666666666666666
0.5495735714285714,0.16666666666666666
0.7895735714285714,0.125
1.5095735714285714,0.16666666666666666
0.7895735714285714,0.16666666666666666
1.0295735714285714,0.125
1.7495735714285714,0.16666666666666666
1.0295735714285714,0.16666666666666666
1.2695735714285714,0.125
1.9895735714285714,0.16666666666666666
1.2695735714285714,0.16666666666666666
1.5095735714285714,0.125
1.9964307142857143,0.16666666666666666
1.5095735714285714,0.16666666666666666
1.7495735714285714,0.125
2.003287857142857,0.16666666666666666
1.7495735714285714,0.16666666666666666
1.9895735714285714,0.125
2.0101449999999996,0.16666666666666666
1.9895735714285714,0.16666666666666666
1.9964307142857143,0.125
2.003287857142857,0.08333333333333333
2.0101449999999996,0.041666666666666664
2.0170021428571423,0.0
7.042145,0.041666666666666664
7.042145,0.041666666666666664
7.049002142857143,0.08333333333333333
7.04217,0.08333333333333333
7.055859285714286,0.125
7.0421949999999995,0.125
7.062716428571429,0.16666666666666666
7.0422199999999995,0.16666666666666666
7.049002142857143,0.125
7.069573571428572,0.16666666666666666
7.049002142857143,0.16666666666666666
7.055859285714286,0.125
7.309573571428572,0.16666666666666666
7.055859285714286,0.16666666666666666
7.062716428571429,0.125
7.5495735714285725,0.16666666666666666
7.062716428571429,0.16666666666666666
7.069573571428572,0.125
7.789573571428573,0.16666666666666666
7.069573571428572,0.16666666666666666
7.309573571428572,0.125
8.029573571428573,0.16666666666666666
7.309573571428572,0.16666666666666666
7.5495735714285725,0.125
8.269573571428573,0.16666666666666666
7.5495735714285725,0.16666666666666666
7.789573571428573,0.125
8.509573571428573,0.16666666666666666
7.789573571428573,0.16666666666666666
8.029573571428573,0.125
8.749573571428574,0.16666666666666666
8.029573571428573,0.16666666666666666
8.269573571428573,0.125
8.989573571428574,0.16666666666666666
8.269573571428573,0.16666666666666666
8.509573571428573,0.125
8.996430714285717,0.16666666666666666
8.509573571428573,0.16666666666666666
8.749573571428574,0.125
9.00328785714286,0.16666666666666666
8.749573571428574,0.16666666666666666
8.989573571428574,0.125
9.010145000000003,0.16666666666666666
8.989573571428574,0.16666666666666666
8.996430714285717,0.125
9.00328785714286,0.08333333333333333
9.010145000000003,0.041666666666666664
9.017002142857146,0.0
14.042145000000001,0.041666666666666664
14.042145000000001,0.041666666666666664
14.049002142857145,0.08333333333333333
14.04217,0.08333333333333333
14.055859285714288,0.125
14.042195000000001,0.125
14.06271642857143,0.16666666666666666
14.04222,0.16666666666666666
14.049002142857145,0.125
14.069573571428574,0.16666666666666666
14.049002142857145,0.16666666666666666
14.055859285714288,0.125
14.309573571428574,0.16666666666666666
14.055859285714288,0.16666666666666666
14.06271642857143,0.125
14.549573571428574,0.16666666666666666
14.06271642857143,0.16666666666666666
14.069573571428574,0.125
14.789573571428575,0.16666666666666666
14.069573571428574,0.16666666666666666
14.309573571428574,0.125
15.029573571428575,0.16666666666666666
14.309573571428574,0.16666666666666666
14.549573571428574,0.125
15.269573571428575,0.16666666666666666
14.549573571428574,0.16666666666666666
14.789573571428575,0.125
15.509573571428575,0.16666666666666666
14.789573571428575,0.16666666666666666
15.029573571428575,0.125
15.749573571428575,0.16666666666666666
15.029573571428575,0.16666666666666666
15.269573571428575,0.125
15.989573571428576,0.16666666666666666
15.269573571428575,0.16666666666666666
15.509573571428575,0.125
15.996430714285719,0.16666666666666666
15.509573571428575,0.16666666666666666
15.749573571428575,0.125
16.003287857142862,0.16666666666666666
15.749573571428575,0.16666666666666666
15.989573571428576,0.125
16.010145000000005,0.16666666666666666
15.989573571428576,0.16666666666666666
15.996430714285719,0.125
16.003287857142862,0.08333333333333333
16.010145000000005,0.041666666666666664
16.017002142857148,0.0
21.042144999999998,0.041666666666666664
21.042144999999998,0.041666666666666664
21.04900214285714,0.08333333333333333
21.04217,0.08333333333333333
21.055859285714284,0.125
21.042194999999996,0.125
21.062716428571427,0.16666666666666666
21.042219999999997,0.16666666666666666
21.04900214285714,0.125
21.06957357142857,0.16666666666666666
21.04900214285714,0.16666666666666666
21.055859285714284,0.125
21.30957357142857,0.16666666666666666
21.055859285714284,0.16666666666666666
21.062716428571427,0.125
21.549573571428567,0.16666666666666666
21.062716428571427,0.16666666666666666
21.06957357142857,0.125
21.789573571428566,0.16666666666666666
21.06957357142857,0.16666666666666666
21.30957357142857,0.125
22.029573571428564,0.16666666666666666
21.30957357142857,0.16666666666666666
21.549573571428567,0.125
22.269573571428563,0.16666666666666666
21.549573571428567,0.16666666666666666
21.789573571428566,0.125
22.50957357142856,0.16666666666666666
21.789573571428566,0.16666666666666666
22.029573571428564,0.125
22.74957357142856,0.16666666666666666
22.029573571428564,0.16666666666666666
22.269573571428563,0.125
22.989573571428558,0.16666666666666666
22.269573571428563,0.16666666666666666
22.50957357142856,0.125
22.9964307142857,0.16666666666666666
22.50957357142856,0.16666666666666666
22.74957357142856,0.125
23.003287857142844,0.16666666666666666
22.74957357142856,0.16666666666666666
22.989573571428558,0.125
23.010144999999987,0.16666666666666666
22.989573571428558,0.16666666666666666
22.9964307142857,0.125
23.003287857142844,0.08333333333333333
23.010144999999987,0.041666666666666664
23.01700214285713,0.0
28.042144999999998,0.041666666666666664
28.042144999999998,0.041666666666666664
28.04900214285714,0.08333333333333333
28.04217,0.08333333333333333
28.055859285714284,0.125
28.042194999999996,0.125
28.062716428571427,0.16666666666666666
28.042219999999997,0.16666666666666666
28.04900214285714,0.125
28.06957357142857,0.16666666666666666
28.04900214285714,0.16666666666666666
28.055859285714284,0.125
28.30957357142857,0.16666666666666666
28.055859285714284,0.16666666666666666
28.062716428571427,0.125
28.549573571428567,0.16666666666666666
28.062716428571427,0.16666666666666666
28.06957357142857,0.125
28.789573571428566,0.16666666666666666
28.06957357142857,0.16666666666666666
28.30957357142857,0.125
29.029573571428564,0.16666666666666666
28.30957357142857,0.16666666666666666
28.549573571428567,0.125
29.269573571428563,0.16666666666666666
28.549573571428567,0.16666666666666666
28.789573571428566,0.125
29.50957357142856,0.16666666666666666
28.789573571428566,0.16666666666666666
29.029573571428564,0.125
29.74957357142856,0.16666666666666666
29.029573571428564,0.16666666666666666
29.269573571428563,0.125
29.989573571428558,0.16666666666666666
29.269573571428563,0.16666666666666666
29.50957357142856,0.125
29.9964307142857,0.16666666666666666
29.50957357142856,0.16666666666666666
29.74957357142856,0.125
30.003287857142844,0.16666666666666666
29.74957357142856,0.16666666666666666
29.989573571428558,0.125
30.010144999999987,0.16666666666666666
29.989573571428558,0.16666666666666666
29.9964307142857,0.125
30.003287857142844,0.08333333333333333
30.010144999999987,0.041666666666666664
30.01700214285713,0.0
35.042145000000005,0.041666666666666664
35.042145000000005,0.041666666666666664
35.04900214285715,0.08333333333333333
35.042170000000006,0.08333333333333333
35.05585928571429,0.125
35.04219500000001,0.125
35.062716428571434,0.16666666666666666
35.04222000000001,0.16666666666666666
35.04900214285715,0.125
35.06957357142858,0.16666666666666666
35.04900214285715,0.16666666666666666
35.05585928571429,0.125
35.30957357142858,0.16666666666666666
35.05585928571429,0.16666666666666666
35.062716428571434,0.125
35.54957357142858,0.16666666666666666
35.062716428571434,0.16666666666666666
35.06957357142858,0.125
35.78957357142858,0.16666666666666666
35.06957357142858,0.16666666666666666
35.30957357142858,0.125
36.029573571428585,0.16666666666666666
35.30957357142858,0.16666666666666666
35.54957357142858,0.125
36.26957357142859,0.16666666666666666
35.54957357142858,0.16666666666666666
35.78957357142858,0.125
36.50957357142859,0.16666666666666666
35.78957357142858,0.16666666666666666
36.029573571428585,0.125
36.74957357142859,0.16666666666666666
36.029573571428585,0.16666666666666666
36.26957357142859,0.125
36.98957357142859,0.16666666666666666
36.26957357142859,0.16666666666666666
36.50957357142859,0.125
36.99643071428574,0.16666666666666666
36.50957357142859,0.16666666666666666
36.74957357142859,0.125
37.00328785714288,0.16666666666666666
36.74957357142859,0.16666666666666666
36.98957357142859,0.125
37.01014500000002,0.16666666666666666
36.98957357142859,0.16666666666666666
36.99643071428574,0.125
37.00328785714288,0.08333333333333333
37.01014500000002,0.041666666666666664
37.017002142857166,0.0
42.042145000000005,0.041666666666666664
42.042145000000005,0.041666666666666664
42.04900214285715,0.08333333333333333
42.042170000000006,0.08333333333333333
42.05585928571429,0.125
42.04219500000001,0.125
42.062716428571434,0.16666666666666666
42.04222000000001,0.16666666666666666
42.04900214285715,0.125
42.06957357142858,0.16666666666666666
42.04900214285715,0.16666666666666666
42.05585928571429,0.125
42.30957357142858,0.16666666666666666
42.05585928571429,0.16666666666666666
42.062716428571434,0.125
42.54957357142858,0.16666666666666666
42.062716428571434,0.16666666666666666
42.06957357142858,0.125
42.78957357142858,0.16666666666666666
42.06957357142858,0.16666666666666666
42.30957357142858,0.125
43.029573571428585,0.16666666666666666
42.30957357142858,0.16666666666666666
42.54957357142858,0.125
43.26957357142859,0.16666666666666666
42.54957357142858,0.16666666666666666
42.78957357142858,0.125
43.50957357142859,0.16666666666666666
42.78957357142858,0.16666666666666666
43.029573571428585,0.125
43.74957357142859,0.16666666666666666
43.029573571428585,0.16666666666666666
43.26957357142859,0.125
43.98957357142859,0.16666666666666666
43.26957357142859,0.16666666666666666
43.50957357142859,0.125
43.99643071428574,0.16666666666666666
43.50957357142859,0.16666666666666666
43.74957357142859,0.125
44.00328785714288,0.16666666666666666
43.74957357142859,0.16666666666666666
43.98957357142859,0.125
44.01014500000002,0.16666666666666666
43.98957357142859,0.16666666666666666
43.99643071428574,0.125
44.00328785714288,0.08333333333333333
44.01014500000002,0.041666666666666664
44.017002142857166,0.0
49.042145000000005,0.041666666666666664
49.042145000000005,0.041666666666666664
49.04900214285715,0.08333333333333333
49.042170000000006,0.08333333333333333
49.05585928571429,0.125
49.04219500000001,0.125
49.062716428571434,0.16666666666666666
49.04222000000001,0.16666666666666666
49.04900214285715,0.125
49.06957357142858,0.16666666666666666
49.04900214285715,0.16666666666666666
49.05585928571429,0.125
49.30957357142858,0.16666666666666666
49.05585928571429,0.16666666666666666
49.062716428571434,0.125
49.54957357142858,0.16666666666666666
49.062716428571434,0.16666666666666666
49.06957357142858,0.125
49.78957357142858,0.16666666666666666
49.06957357142858,0.16666666666666666
49.30957357142858,0.125
50.029573571428585,0.16666666666666666
49.30957357142858,0.16666666666666666
49.54957357142858,0.125
50.26957357142859,0.16666666666666666
49.54957357142858,0.16666666666666666
49.78957357142858,0.125
50.50957357142859,0.16666666666666666
49.78957357142858,0.16666666666666666
50.029573571428585,0.125
50.74957357142859,0.16666666666666666
50.029573571428585,0.16666666666666666
50.26957357142859,0.125
50.98957357142859,0.16666666666666666
50.26957357142859,0.16666666666666666
50.50957357142859,0.125
50.99643071428574,0.16666666666666666
50.50957357142859,0.16666666666666666
50.74957357142859,0.125
51.00328785714288,0.16666666666666666
50.74957357142859,0.16666666666666666
50.98957357142859,0.125
51.01014500000002,0.16666666666666666
50.98957357142859,0.16666666666666666
50.99643071428574,0.125
51.00328785714288,0.08333333333333333
51.01014500000002,0.041666666666666664
51.017002142857166,0.0
56.042145000000005,0.041666666666666664
56.042145000000005,0.041666666666666664
56.04900214285715,0.08333333333333333
56.042170000000006,0.08333333333333333
56.05585928571429,0.125
56.04219500000001,0.125
56.062716428571434,0.16666666666666666
56.04222000000001,0.16666666666666666
56.04900214285715,0.125
56.06957357142858,0.16666666666666666
56.04900214285715,0.16666666666666666
56.05585928571429,0.125
56.30957357142858,0.16666666666666666
56.05585928571429,0.16666666666666666
56.062716428571434,0.125
56.54957357142858,0.16666666666666666
56.062716428571434,0.16666666666666666
56.06957357142858,0.125
56.78957357142858,0.16666666666666666
56.06957357142858,0.16666666666666666
56.30957357142858,0.125
57.029573571428585,0.16666666666666666
56.30957357142858,0.16666666666666666
56.54957357142858,0.125
57.26957357142859,0.16666666666666666
56.54957357142858,0.16666666666666666
56.78957357142858,0.125
57.50957357142859,0.16666666666666666
56.78957357142858,0.16666666666666666
57.029573571428585,0.125
57.74957357142859,0.16666666666666666
57.029573571428585,0.16666666666666666
57.26957357142859,0.125
57.98957357142859,0.16666666666666666
57.26957357142859,0.16666666666666666
57.50957357142859,0.125
57.99643071428574,0.16666666666666666
57.50957357142859,0.16666666666666666
57.74957357142859,0.125
58.00328785714288,0.16666666666666666
57.74957357142859,0.16666666666666666
57.98957357142859,0.125
58.01014500000002,0.16666666666666666
57.98957357142859,0.16666666666666666
57.99643071428574,0.125
58.00328785714288,0.08333333333333333
58.01014500000002,0.041666666666666664
58.017002142857166,0.0
63.042145000000005,0.041666666666666664
63.042145000000005,0.041666666666666664
63.04900214285715,0.08333333333333333
63.042170000000006,0.08333333333333333
63.05585928571429,0.125
63.04219500000001,0.125
63.062716428571434,0.16666666666666666
63.04222000000001,0.16666666666666666
63.04900214285715,0.125
63.06957357142858,0.16666666666666666
63.04900214285715,0.16666666666666666
63.05585928571429,0.125
63.30957357142858,0.16666666666666666
63.05585928571429,0.16666666666666666
63.062716428571434,0.125
63.54957357142858,0.16666666666666666
63.062716428571434,0.16666666666666666
63.06957357142858,0.125
63.78957357142858,0.16666666666666666
63.06957357142858,0.16666666666666666
63.30957357142858,0.125
64.02957357142859,0.16666666666666666
63.30957357142858,0.16666666666666666
63.54957357142858,0.125
64.26957357142858,0.16666666666666666
63.54957357142858,0.16666666666666666
63.78957357142858,0.125
64.50957357142858,0.16666666666666666
63.78957357142858,0.16666666666666666
64.02957357142859,0.125
64.74957357142857,0.16666666666666666
64.02957357142859,0.16666666666666666
64.26957357142858,0.125
64.98957357142856,0.16666666666666666
64.26957357142858,0.16666666666666666
64.50957357142858,0.125
64.99643071428571,0.16666666666666666
64.50957357142858,0.16666666666666666
64.74957357142857,0.125
65.00328785714285,0.16666666666666666
64.74957357142857,0.16666666666666666
64.98957357142856,0.125
65.010145,0.16666666666666666
64.98957357142856,0.16666666666666666
64.99643071428571,0.125
65.00328785714285,0.08333333333333333
65.010145,0.041666666666666664
65.01700214285714,0.0
70.04214499999999,0.041666666666666664
70.04214499999999,0.041666666666666664
70.04900214285713,0.08333333333333333
70.04217,0.08333333333333333
70.05585928571428,0.125
70.04219499999999,0.125
70.06271642857142,0.16666666666666666
70.04222,0.16666666666666666
70.04900214285713,0.125
70.06957357142856,0.16666666666666666
70.04900214285713,0.16666666666666666
70.05585928571428,0.125
70.30957357142856,0.16666666666666666
70.05585928571428,0.16666666666666666
70.06271642857142,0.125
70.54957357142855,0.16666666666666666
70.06271642857142,0.16666666666666666
70.06957357142856,0.125
70.78957357142855,0.16666666666666666
70.06957357142856,0.16666666666666666
70.30957357142856,0.125
71.02957357142854,0.16666666666666666
70.30957357142856,0.16666666666666666
70.54957357142855,0.125
71.26957357142854,0.16666666666666666
70.54957357142855,0.16666666666666666
70.78957357142855,0.125
71.50957357142853,0.16666666666666666
70.78957357142855,0.16666666666666666
71.02957357142854,0.125
71.74957357142853,0.16666666666666666
71.02957357142854,0.16666666666666666
71.26957357142854,0.125
71.98957357142852,0.16666666666666666
71.26957357142854,0.16666666666666666
71.50957357142853,0.125
71.99643071428567,0.16666666666666666
71.50957357142853,0.16666666666666666
71.74957357142853,0.125
72.00328785714281,0.16666666666666666
71.74957357142853,0.16666666666666666
71.98957357142852,0.125
72.01014499999995,0.16666666666666666
71.98957357142852,0.16666666666666666
71.99643071428567,0.125
72.00328785714281,0.08333333333333333
72.01014499999995,0.041666666666666664
72.0170021428571,0.0
77.04214499999999,0.041666666666666664
77.04214499999999,0.041666666666666664
77.04900214285713,0.08333333333333333
77.04217,0.08333333333333333
77.05585928571428,0.125
77.04219499999999,0.125
77.06271642857142,0.16666666666666666
77.04222,0.16666666666666666
77.04900214285713,0.125
77.06957357142856,0.16666666666666666
77.04900214285713,0.16666666666666666
77.05585928571428,0.125
77.30957357142856,0.16666666666666666
77.05585928571428,0.16666666666666666
77.06271642857142,0.125
77.54957357142855,0.16666666666666666
77.06271642857142,0.16666666666666666
77.06957357142856,0.125
77.78957357142855,0.16666666666666666
77.06957357142856,0.16666666666666666
77.30957357142856,0.125
78.02957357142854,0.16666666666666666
77.30957357142856,0.16666666666666666
77.54957357142855,0.125
78.26957357142854,0.16666666666666666
77.54957357142855,0.16666666666666666
77.78957357142855,0.125
78.50957357142853,0.16666666666666666
77.78957357142855,0.16666666666666666
78.02957357142854,0.125
78.74957357142853,0.16666666666666666
78.02957357142854,0.16666666666666666
78.26957357142854,0.125
78.98957357142852,0.16666666666666666
78.26957357142854,0.16666666666666666
78.50957357142853,0.125
78.99643071428567,0.16666666666666666
78.50957357142853,0.16666666666666666
78.74957357142853,0.125
79.00328785714281,0.16666666666666666
78.74957357142853,0.16666666666666666
78.98957357142852,0.125
79.01014499999995,0.16666666666666666
78.98957357142852,0.16666666666666666
78.99643071428567,0.125
79.00328785714281,0.08333333333333333
79.01014499999995,0.041666666666666664
79.0170021428571,0.0
84.04214499999999,0.041666666666666664
84.04214499999999,0.041666666666666664
84.04900214285713,0.08333333333333333
84.04217,0.08333333333333333
84.05585928571428,0.125
84.04219499999999,0.125
84.06271642857142,0.16666666666666666
84.04222,0.16666666666666666
84.04900214285713,0.125
84.06957357142856,0.16666666666666666
84.04900214285713,0.16666666666666666
84.05585928571428,0.125
84.30957357142856,0.16666666666666666
84.05585928571428,0.16666666666666666
84.06271642857142,0.125
84.54957357142855,0.16666666666666666
84.06271642857142,0.16666666666666666
84.06957357142856,0.125
84.78957357142855,0.16666666666666666
84.06957357142856,0.16666666666666666
84.30957357142856,0.125
85.02957357142854,0.16666666666666666
84.30957357142856,0.16666666666666666
84.54957357142855,0.125
85.26957357142854,0.16666666666666666
84.54957357142855,0.16666666666666666
84.78957357142855,0.125
85.50957357142853,0.16666666666666666
84.78957357142855,0.16666666666666666
85.02957357142854,0.125
85.74957357142853,0.16666666666666666
85.02957357142854,0.16666666666666666
85.26957357142854,0.125
85.98957357142852,0.16666666666666666
85.26957357142854,0.16666666666666666
85.50957357142853,0.125
85.99643071428567,0.16666666666666666
85.50957357142853,0.16666666666666666
85.74957357142853,0.125
86.00328785714281,0.16666666666666666
85.74957357142853,0.16666666666666666
85.98957357142852,0.125
86.01014499999995,0.16666666666666666
85.98957357142852,0.16666666666666666
85.99643071428567,0.125
86.00328785714281,0.08333333333333333
86.01014499999995,0.041666666666666664
86.0170021428571,0.0
91.04214499999999,0.041666666666666664
91.04214499999999,0.041666666666666664
91.04900214285713,0.08333333333333333
91.04217,0.08333333333333333
91.05585928571428,0.125
91.04219499999999,0.125
91.06271642857142,0.16666666666666666
91.04222,0.16666666666666666
91.04900214285713,0.125
91.06957357142856,0.16666666666666666
91.04900214285713,0.16666666666666666
91.05585928571428,0.125
91.30957357142856,0.16666666666666666
91.05585928571428,0.16666666666666666
91.06271642857142,0.125
91.54957357142855,0.16666666666666666
91.06271642857142,0.16666666666666666
91.06957357142856,0.125
91.78957357142855,0.16666666666666666
91.06957357142856,0.16666666666666666
91.30957357142856,0.125
92.02957357142854,0.16666666666666666
91.30957357142856,0.16666666666666666
91.54957357142855,0.125
92.26957357142854,0.16666666666666666
91.54957357142855,0.16666666666666666
91.78957357142855,0.125
92.50957357142853,0.16666666666666666
91.78957357142855,0.16666666666666666
92.02957357142854,0.125
92.74957357142853,0.16666666666666666
92.02957357142854,0.16666666666666666
92.26957357142854,0.125
92.98957357142852,0.16666666666666666
92.26957357142854,0.16666666666666666
92.50957357142853,0.125
92.99643071428567,0.16666666666666666
92.50957357142853,0.16666666666666666
92.74957357142853,0.125
93.00328785714281,0.16666666666666666
92.74957357142853,0.16666666666666666
92.98957357142852,0.125
93.01014499999995,0.16666666666666666
92.98957357142852,0.16666666666666666
92.99643071428567,0.125
93.00328785714281,0.08333333333333333
93.01014499999995,0.041666666666666664
93.0170021428571,0.0
98.04214499999999,0.041666666666666664
98.04214499999999,0.041666666666666664
98.04900214285713,0.08333333333333333
98.04217,0.08333333333333333
98.05585928571428,0.125
98.04219499999999,0.125
98.06271642857142,0.16666666666666666
98.04222,0.16666666666666666
98.04900214285713,0.125
98.06957357142856,0.16666666666666666
98.04900214285713,0.16666666666666666
98.05585928571428,0.125
98.30957357142856,0.16666666666666666
98.05585928571428,0.16666666666666666
98.06271642857142,0.125
98.54957357142855,0.16666666666666666
98.06271642857142,0.16666666666666666
98.06957357142856,0.125
98.78957357142855,0.16666666666666666
98.06957357142856,0.16666666666666666
98.30957357142856,0.125
99.02957357142854,0.16666666666666666
98.30957357142856,0.16666666666666666
98.54957357142855,0.125
99.26957357142854,0.16666666666666666
98.54957357142855,0.16666666666666666
98.78957357142855,0.125
99.50957357142853,0.16666666666666666
98.78957357142855,0.16666666666666666
99.02957357142854,0.125
99.74957357142853,0.16666666666666666
99.02957357142854,0.16666666666666666
99.26957357142854,0.125
99.98957357142852,0.16666666666666666
99.26957357142854,0.16666666666666666
99.50957357142853,0.125
99.99643071428567,0.16666666666666666
99.50957357142853,0.16666666666666666
99.74957357142853,0.125
100.00328785714281,0.16666666666666666
99.74957357142853,0.16666666666666666
99.98957357142852,0.125
100.01014499999995,0.16666666666666666
99.98957357142852,0.16666666666666666
99.99643071428567,0.125
100.00328785714281,0.08333333333333333
100.01014499999995,0.041666666666666664
100.0170021428571,0.0
105.04214499999999,0.041666666666666664
105.04214499999999,0.041666666666666664
105.04900214285713,0.08333333333333333
105.04217,0.08333333333333333
105.05585928571428,0.125
105.04219499999999,0.125
105.06271642857142,0.16666666666666666
105.04222,0.16666666666666666
105.04900214285713,0.125
105.06957357142856,0.16666666666666666
105.04900214285713,0.16666666666666666
105.05585928571428,0.125
105.30957357142856,0.16666666666666666
105.05585928571428,0.16666666666666666
105.06271642857142,0.125
105.54957357142855,0.16666666666666666
105.06271642857142,0.16666666666666666
105.06957357142856,0.125
105.78957357142855,0.16666666666666666
105.06957357142856,0.16666666666666666
105.30957357142856,0.125
106.02957357142854,0.16666666666666666
105.30957357142856,0.16666666666666666
105.54957357142855,0.125
106.26957357142854,0.16666666666666666
105.54957357142855,0.16666666666666666
105.78957357142855,0.125
106.50957357142853,0.16666666666666666
105.78957357142855,0.16666666666666666
106.02957357142854,0.125
106.74957357142853,0.16666666666666666
106.02957357142854,0.16666666666666666
106.26957357142854,0.125
106.98957357142852,0.16666666666666666
106.26957357142854,0.16666666666666666
106.50957357142853,0.125
106.99643071428567,0.16666666666666666
106.50957357142853,0.16666666666666666
106.74957357142853,0.125
107.00328785714281,0.16666666666666666
106.74957357142853,0.16666666666666666
106.98957357142852,0.125
107.01014499999995,0.16666666666666666
106.98957357142852,0.16666666666666666
106.99643071428567,0.125
107.00328785714281,0.08333333333333333
107.01014499999995,0.041666666666666664
107.0170021428571,0.0
112.04214499999999,0.041666666666666664
112.04214499999999,0.041666666666666664
112.04900214285713,0.08333333333333333
112.04217,0.08333333333333333
112.05585928571428,0.125
112.04219499999999,0.125
112.06271642857142,0.16666666666666666
112.04222,0.16666666666666666
112.04900214285713,0.125
112.06957357142856,0.16666666666666666
112.04900214285713,0.16666666666666666
112.05585928571428,0.125
112.30957357142856,0.16666666666666666
112.05585928571428,0.16666666666666666
112.06271642857142,0.125
112.54957357142855,0.16666666666666666
112.06271642857142,0.16666666666666666
112.06957357142856,0.125
112.78957357142855,0.16666666666666666
112.06957357142856,0.16666666666666666
112.30957357142856,0.125
113.02957357142854,0.16666666666666666
112.30957357142856,0.16666666666666666
112.54957357142855,0.125
113.26957357142854,0.16666666666666666
112.54957357142855,0.16666666666666666
112.78957357142855,0.125
113.50957357142853,0.16666666666666666
112.78957357142855,0.16666666666666666
113.02957357142854,0.125
113.74957357142853,0.16666666666666666
113.02957357142854,0.16666666666666666
113.26957357142854,0.125
113.98957357142852,0.16666666666666666
113.26957357142854,0.16666666666666666
113.50957357142853,0.125
113.99643071428567,0.16666666666666666
113.50957357142853,0.16666666666666666
113.74957357142853,0.125
114.00328785714281,0.16666666666666666
113.74957357142853,0.16666666666666666
113.98957357142852,0.125
114.01014499999995,0.16666666666666666
113.98957357142852,0.16666666666666666
113.99643071428567,0.125
114.00328785714281,0.08333333333333333
114.01014499999995,0.041666666666666664
114.0170021428571,0.0
119.04214499999999,0.041666666666666664
119.04214499999999,0.041666666666666664
119.04900214285713,0.08333333333333333
119.04217,0.08333333333333333
119.05585928571428,0.125
119.04219499999999,0.125
119.06271642857142,0.16666666666666666
119.04222,0.16666666666666666
119.04900214285713,0.125
119.06957357142856,0.16666666666666666
119.04900214285713,0.16666666666666666
119.05585928571428,0.125
119.30957357142856,0.16666666666666666
119.05585928571428,0.16666666666666666
119.06271642857142,0.125
119.54957357142855,0.16666666666666666
119.06271642857142,0.16666666666666666
119.06957357142856,0.125
119.78957357142855,0.16666666666666666
119.06957357142856,0.16666666666666666
119.30957357142856,0.125
120.02957357142854,0.16666666666666666
119.30957357142856,0.16666666666666666
119.54957357142855,0.125
120.26957357142854,0.16666666666666666
119.54957357142855,0.16666666666666666
119.78957357142855,0.125
120.50957357142853,0.16666666666666666
119.78957357142855,0.16666666666666666
120.02957357142854,0.125
120.74957357142853,0.16666666666666666
120.02957357142854,0.16666666666666666
120.26957357142854,0.125
120.98957357142852,0.16666666666666666
120.26957357142854,0.16666666666666666
120.50957357142853,0.125
120.99643071428567,0.16666666666666666
120.50957357142853,0.16666666666666666
120.74957357142853,0.125
121.00328785714281,0.16666666666666666
120.74957357142853,0.16666666666666666
120.98957357142852,0.125
121.01014499999995,0.16666666666666666
120.98957357142852,0.16666666666666666
120.99643071428567,0.125
121.00328785714281,0.08333333333333333
121.01014499999995,0.041666666666666664
121.0170021428571,0.0
126.04214499999999,0.041666666666666664
126.04214499999999,0.041666666666666664
126.04900214285713,0.08333333333333333
126.04217,0.08333333333333333
126.05585928571428,0.125
126.04219499999999,0.125
126.06271642857142,0.16666666666666666
126.04222,0.16666666666666666
126.04900214285713,0.125
126.06957357142856,0.16666666666666666
126.04900214285713,0.16666666666666666
126.05585928571428,0.125
126.30957357142856,0.16666666666666666
126.05585928571428,0.16666666666666666
126.06271642857142,0.125
126.54957357142855,0.16666666666666666
126.06271642857142,0.16666666666666666
126.06957357142856,0.125
126.78957357142855,0.16666666666666666
126.06957357142856,0.16666666666666666
126.30957357142856,0.125
127.02957357142854,0.16666666666666666
126.30957357142856,0.16666666666666666
126.54957357142855,0.125
127.26957357142854,0.16666666666666666
126.54957357142855,0.16666666666666666
126.78957357142855,0.125
127.50957357142853,0.16666666666666666
126.78957357142855,0.16666666666666666
127.02957357142854,0.125
127.74957357142853,0.16666666666666666
127.02957357142854,0.16666666666666666
127.26957357142854,0.125
127.98957357142852,0.16666666666666666
127.26957357142854,0.16666666666666666
127.50957357142853,0.125
127.99643071428567,0.16666666666666666
127.50957357142853,0.16666666666666666
127.74957357142853,0.125
128.0032878571428,0.16666666666666666
127.74957357142853,0.16666666666666666
127.98957357142852,0.125
128.01014499999994,0.16666666666666666
127.98957357142852,0.16666666666666666
127.99643071428567,0.125
128.0032878571428,0.08333333333333333
128.01014499999994,0.041666666666666664
128.01700214285708,0.0
133.042145,0.041666666666666664
133.042145,0.041666666666666664
133.04900214285715,0.08333333333333333
133.04217,0.08333333333333333
133.0558592857143,0.125
133.04219500000002,0.125
133.06271642857143,0.16666666666666666
133.04222000000001,0.16666666666666666
133.04900214285715,0.125
133.06957357142858,0.16666666666666666
133.04900214285715,0.16666666666666666
133.0558592857143,0.125
133.3095735714286,0.16666666666666666
133.0558592857143,0.16666666666666666
133.06271642857143,0.125
133.5495735714286,0.16666666666666666
133.06271642857143,0.16666666666666666
133.06957357142858,0.125
133.7895735714286,0.16666666666666666
133.06957357142858,0.16666666666666666
133.3095735714286,0.125
134.0295735714286,0.16666666666666666
133.3095735714286,0.16666666666666666
133.5495735714286,0.125
134.26957357142862,0.16666666666666666
133.5495735714286,0.16666666666666666
133.7895735714286,0.125
134.50957357142863,0.16666666666666666
133.7895735714286,0.16666666666666666
134.0295735714286,0.125
134.74957357142864,0.16666666666666666
134.0295735714286,0.16666666666666666
134.26957357142862,0.125
134.98957357142865,0.16666666666666666
134.26957357142862,0.16666666666666666
134.50957357142863,0.125
134.9964307142858,0.16666666666666666
134.50957357142863,0.16666666666666666
134.74957357142864,0.125
135.00328785714294,0.16666666666666666
134.74957357142864,0.16666666666666666
134.98957357142865,0.125
135.01014500000008,0.16666666666666666
134.98957357142865,0.16666666666666666
134.9964307142858,0.125
135.00328785714294,0.08333333333333333
135.01014500000008,0.041666666666666664
135.01700214285722,0.0
140.042145,0.041666666666666664
140.042145,0.041666666666666664
140.04900214285715,0.08333333333333333
140.04217,0.08333333333333333
140.0558592857143,0.125
140.04219500000002,0.125
140.06271642857143,0.16666666666666666
140.04222000000001,0.16666666666666666
140.04900214285715,0.125
140.06957357142858,0.16666666666666666
140.04900214285715,0.16666666666666666
140.0558592857143,0.125
140.3095735714286,0.16666666666666666
140.0558592857143,0.16666666666666666
140.06271642857143,0.125
140.5495735714286,0.16666666666666666
140.06271642857143,0.16666666666666666
140.06957357142858,0.125
140.7895735714286,0.16666666666666666
140.06957357142858,0.16666666666666666
140.3095735714286,0.125
141.0295735714286,0.16666666666666666
140.3095735714286,0.16666666666666666
140.5495735714286,0.125
141.26957357142862,0.16666666666666666
140.5495735714286,0.16666666666666666
140.7895735714286,0.125
141.50957357142863,0.16666666666666666
140.7895735714286,0.16666666666666666
141.0295735714286,0.125
141.74957357142864,0.16666666666666666
141.0295735714286,0.16666666666666666
141.26957357142862,0.125
141.98957357142865,0.16666666666666666
141.26957357142862,0.16666666666666666
141.50957357142863,0.125
141.9964307142858,0.16666666666666666
141.50957357142863,0.16666666666666666
141.74957357142864,0.125
142.00328785714294,0.16666666666666666
141.74957357142864,0.16666666666666666
141.98957357142865,0.125
142.01014500000008,0.16666666666666666
141.98957357142865,0.16666666666666666
141.9964307142858,0.125
142.00328785714294,0.08333333333333333
142.01014500000008,0.041666666666666664
142.01700214285722,0.0
147.042145,0.041666666666666664
147.042145,0.041666666666666664
147.04900214285715,0.08333333333333333
147.04217,0.08333333333333333
147.0558592857143,0.125
147.04219500000002,0.125
147.06271642857143,0.16666666666666666
147.04222000000001,0.16666666666666666
147.04900214285715,0.125
147.06957357142858,0.16666666666666666
147.04900214285715,0.16666666666666666
147.0558592857143,0.125
147.3095735714286,0.16666666666666666
147.0558592857143,0.16666666666666666
147.06271642857143,0.125
147.5495735714286,0.16666666666666666
147.06271642857143,0.16666666666666666
147.06957357142858,0.125
147.7895735714286,0.16666666666666666
147.06957357142858,0.16666666666666666
147.3095735714286,0.125
148.0295735714286,0.16666666666666666
147.3095735714286,0.16666666666666666
147.5495735714286,0.125
148.26957357142862,0.16666666666666666
147.5495735714286,0.16666666666666666
147.7895735714286,0.125
148.50957357142863,0.16666666666666666
147.7895735714286,0.16666666666666666
148.0295735714286,0.125
148.74957357142864,0.16666666666666666
148.0295735714286,0.16666666666666666
148.26957357142862,0.125
148.98957357142865,0.16666666666666666
148.26957357142862,0.16666666666666666
148.50957357142863,0.125
148.9964307142858,0.16666666666666666
148.50957357142863,0.16666666666666666
148.74957357142864,0.125
149.00328785714294,0.16666666666666666
148.74957357142864,0.16666666666666666
148.98957357142865,0.125
149.01014500000008,0.16666666666666666
148.98957357142865,0.16666666666666666
148.9964307142858,0.125
149.00328785714294,0.08333333333333333
149.01014500000008,0.041666666666666664
149.01700214285722,0.0
154.042145,0.041666666666666664
154.042145,0.041666666666666664
154.04900214285715,0.08333333333333333
154.04217,0.08333333333333333
154.0558592857143,0.125
154.04219500000002,0.125
154.06271642857143,0.16666666666666666
154.04222000000001,0.16666666666666666
154.04900214285715,0.125
154.06957357142858,0.16666666666666666
154.04900214285715,0.16666666666666666
154.0558592857143,0.125
154.3095735714286,0.16666666666666666
154.0558592857143,0.16666666666666666
154.06271642857143,0.125
154.5495735714286,0.16666666666666666
154.06271642857143,0.16666666666666666
154.06957357142858,0.125
154.7895735714286,0.16666666666666666
154.06957357142858,0.16666666666666666
154.3095735714286,0.125
155.0295735714286,0.16666666666666666
154.3095735714286,0.16666666666666666
154.5495735714286,0.125
155.26957357142862,0.16666666666666666
154.5495735714286,0.16666666666666666
154.7895735714286,0.125
155.50957357142863,0.16666666666666666
154.7895735714286,0.16666666666666666
155.0295735714286,0.125
155.74957357142864,0.16666666666666666
155.0295735714286,0.16666666666666666
155.26957357142862,0.125
155.98957357142865,0.16666666666666666
155.26957357142862,0.16666666666666666
155.50957357142863,0.125
155.9964307142858,0.16666666666666666
155.50957357142863,0.16666666666666666
155.74957357142864,0.125
156.00328785714294,0.16666666666666666
155.74957357142864,0.16666666666666666
155.98957357142865,0.125
156.01014500000008,0.16666666666666666
155.98957357142865,0.16666666666666666
155.9964307142858,0.125
156.00328785714294,0.08333333333333333
156.01014500000008,0.041666666666666664
156.01700214285722,0.0
161.042145,0.041666666666666664
161.042145,0.041666666666666664
161.04900214285715,0.08333333333333333
161.04217,0.08333333333333333
161.0558592857143,0.125
161.04219500000002,0.125
161.06271642857143,0.16666666666666666
161.04222000000001,0.16666666666666666
161.04900214285715,0.125
161.06957357142858,0.16666666666666666
161.04900214285715,0.16666666666666666
161.0558592857143,0.125
161.3095735714286,0.16666666666666666
161.0558592857143,0.16666666666666666
161.06271642857143,0.125
161.5495735714286,0.16666666666666666
161.06271642857143,0.16666666666666666
161.06957357142858,0.125
161.7895735714286,0.16666666666666666
161.06957357142858,0.16666666666666666
161.3095735714286,0.125
162.0295735714286,0.16666666666666666
161.3095735714286,0.16666666666666666
161.5495735714286,0.125
162.26957357142862,0.16666666666666666
161.5495735714286,0.16666666666666666
161.7895735714286,0.125
162.50957357142863,0.16666666666666666
161.7895735714286,0.16666666666666666
162.0295735714286,0.125
162.74957357142864,0.16666666666666666
162.0295735714286,0.16666666666666666
162.26957357142862,0.125
162.98957357142865,0.16666666666666666
162.26957357142862,0.16666666666666666
162.50957357142863,0.125
162.9964307142858,0.16666666666666666
162.50957357142863,0.16666666666666666
162.74957357142864,0.125
163.00328785714294,0.16666666666666666
162.74957357142864,0.16666666666666666
162.98957357142865,0.125
163.01014500000008,0.16666666666666666
162.98957357142865,0.16666666666666666
162.9964307142858,0.125
163.00328785714294,0.08333333333333333
163.01014500000008,0.041666666666666664
163.01700214285722,0.0
168.042145,0.041666666666666664
168.042145,0.041666666666666664
168.04900214285715,0.08333333333333333
168.04217,0.08333333333333333
168.0558592857143,0.125
168.04219500000002,0.125
168.06271642857143,0.16666666666666666
168.04222000000001,0.16666666666666666
168.04900214285715,0.125
168.06957357142858,0.16666666666666666
168.04900214285715,0.16666666666666666
168.0558592857143,0.125
168.3095735714286,0.16666666666666666
168.0558592857143,0.16666666666666666
168.06271642857143,0.125
168.5495735714286,0.16666666666666666
168.06271642857143,0.16666666666666666
168.06957357142858,0.125
168.7895735714286,0.16666666666666666
168.06957357142858,0.16666666666666666
168.3095735714286,0.125
169.0295735714286,0.16666666666666666
168.3095735714286,0.16666666666666666
168.5495735714286,0.125
169.26957357142862,0.16666666666666666
168.5495735714286,0.16666666666666666
168.7895735714286,0.125
169.50957357142863,0.16666666666666666
168.7895735714286,0.16666666666666666
169.0295735714286,0.125
169.74957357142864,0.16666666666666666
169.0295735714286,0.16666666666666666
169.26957357142862,0.125
169.98957357142865,0.16666666666666666
169.26957357142862,0.16666666666666666
169.50957357142863,0.125
169.9964307142858,0.16666666666666666
169.50957357142863,0.16666666666666666
169.74957357142864,0.125
170.00328785714294,0.16666666666666666
169.74957357142864,0.16666666666666666
169.98957357142865,0.125
170.01014500000008,0.16666666666666666
169.98957357142865,0.16666666666666666
169.9964307142858,0.125
170.00328785714294,0.08333333333333333
170.01014500000008,0.041666666666666664
170.01700214285722,0.0
175.042145,0.041666666666666664
175.042145,0.041666666666666664
175.04900214285715,0.08333333333333333
175.04217,0.08333333333333333
175.0558592857143,0.125
175.04219500000002,0.125
175.06271642857143,0.16666666666666666
175.04222000000001,0.16666666666666666
175.04900214285715,0.125
175.06957357142858,0.16666666666666666
175.04900214285715,0.16666666666666666
175.0558592857143,0.125
175.3095735714286,0.16666666666666666
175.0558592857143,0.16666666666666666
175.06271642857143,0.125
175.5495735714286,0.16666666666666666
175.06271642857143,0.16666666666666666
175.06957357142858,0.125
175.7895735714286,0.16666666666666666
175.06957357142858,0.16666666666666666
175.3095735714286,0.125
176.0295735714286,0.16666666666666666
175.3095735714286,0.16666666666666666
175.5495735714286,0.125
176.26957357142862,0.16666666666666666
175.5495735714286,0.16666666666666666
175.7895735714286,0.125
176.50957357142863,0.16666666666666666
175.7895735714286,0.16666666666666666
176.0295735714286,0.125
176.74957357142864,0.16666666666666666
176.0295735714286,0.16666666666666666
176.26957357142862,0.125
176.98957357142865,0.16666666666666666
176.26957357142862,0.16666666666666666
176.50957357142863,0.125
176.9964307142858,0.16666666666666666
176.50957357142863,0.16666666666666666
176.74957357142864,0.125
177.00328785714294,0.16666666666666666
176.74957357142864,0.16666666666666666
176.98957357142865,0.125
177.01014500000008,0.16666666666666666
176.98957357142865,0.16666666666666666
176.9964307142858,0.125
177.00328785714294,0.08333333333333333
177.01014500000008,0.041666666666666664
177.01700214285722,0.0
182.042145,0.041666666666666664
182.042145,0.041666666666666664
182.04900214285715,0.08333333333333333
182.04217,0.08333333333333333
182.0558592857143,0.125
182.04219500000002,0.125
182.06271642857143,0.16666666666666666
182.04222000000001,0.16666666666666666
182.04900214285715,0.125
182.06957357142858,0.16666666666666666
182.04900214285715,0.16666666666666666
182.0558592857143,0.125
182.3095735714286,0.16666666666666666
182.0558592857143,0.16666666666666666
182.06271642857143,0.125
182.5495735714286,0.16666666666666666
182.06271642857143,0.16666666666666666
182.06957357142858,0.125
182.7895735714286,0.16666666666666666
182.06957357142858,0.16666666666666666
182.3095735714286,0.125
183.0295735714286,0.16666666666666666
182.3095735714286,0.16666666666666666
182.5495735714286,0.125
183.26957357142862,0.16666666666666666
182.5495735714286,0.16666666666666666
182.7895735714286,0.125
183.50957357142863,0.16666666666666666
182.7895735714286,0.16666666666666666
183.0295735714286,0.125
183.74957357142864,0.16666666666666666
183.0295735714286,0.16666666666666666
183.26957357142862,0.125
183.98957357142865,0.16666666666666666
183.26957357142862,0.16666666666666666
183.50957357142863,0.125
183.9964307142858,0.16666666666666666
183.50957357142863,0.16666666666666666
183.74957357142864,0.125
184.00328785714294,0.16666666666666666
183.74957357142864,0.16666666666666666
183.98957357142865,0.125
184.01014500000008,0.16666666666666666
183.98957357142865,0.16666666666666666
183.9964307142858,0.125
184.00328785714294,0.08333333333333333
184.01014500000008,0.041666666666666664
184.01700214285722,0.0
189.042145,0.041666666666666664
189.042145,0.041666666666666664
189.04900214285715,0.08333333333333333
189.04217,0.08333333333333333
189.0558592857143,0.125
189.04219500000002,0.125
189.06271642857143,0.16666666666666666
189.04222000000001,0.16666666666666666
189.04900214285715,0.125
189.06957357142858,0.16666666666666666
189.04900214285715,0.16666666666666666
189.0558592857143,0.125
189.3095735714286,0.16666666666666666
189.0558592857143,0.16666666666666666
189.06271642857143,0.125
189.5495735714286,0.16666666666666666
189.06271642857143,0.16666666666666666
189.06957357142858,0.125
189.7895735714286,0.16666666666666666
189.06957357142858,0.16666666666666666
189.3095735714286,0.125
190.0295735714286,0.16666666666666666
189.3095735714286,0.16666666666666666
189.5495735714286,0.125
190.26957357142862,0.16666666666666666
189.5495735714286,0.16666666666666666
189.7895735714286,0.125
190.50957357142863,0.16666666666666666
189.7895735714286,0.16666666666666666
190.0295735714286,0.125
190.74957357142864,0.16666666666666666
190.0295735714286,0.16666666666666666
190.26957357142862,0.125
190.98957357142865,0.16666666666666666
190.26957357142862,0.16666666666666666
190.50957357142863,0.125
190.9964307142858,0.16666666666666666
190.50957357142863,0.16666666666666666
190.74957357142864,0.125
191.00328785714294,0.16666666666666666
190.74957357142864,0.16666666666666666
190.98957357142865,0.125
191.01014500000008,0.16666666666666666
190.98957357142865,0.16666666666666666
190.9964307142858,0.125
191.00328785714294,0.08333333333333333
191.01014500000008,0.041666666666666664
191.01700214285722,0.0
196.042145,0.041666666666666664
196.042145,0.041666666666666664
196.04900214285715,0.08333333333333333
196.04217,0.08333333333333333
196.0558592857143,0.125
196.04219500000002,0.125
196.06271642857143,0.16666666666666666
196.04222000000001,0.16666666666666666
196.04900214285715,0.125
196.06957357142858,0.16666666666666666
196.04900214285715,0.16666666666666666
196.0558592857143,0.125
196.3095735714286,0.16666666666666666
196.0558592857143,0.16666666666666666
196.06271642857143,0.125
196.5495735714286,0.16666666666666666
196.06271642857143,0.16666666666666666
196.06957357142858,0.125
196.7895735714286,0.16666666666666666
196.06957357142858,0.16666666666666666
196.3095735714286,0.125
197.0295735714286,0.16666666666666666
196.3095735714286,0.16666666666666666
196.5495735714286,0.125
197.26957357142862,0.16666666666666666
196.5495735714286,0.16666666666666666
196.7895735714286,0.125
197.50957357142863,0.16666666666666666
196.7895735714286,0.16666666666666666
197.0295735714286,0.125
197.74957357142864,0.16666666666666666
197.0295735714286,0.16666666666666666
197.26957357142862,0.125
197.98957357142865,0.16666666666666666
197.26957357142862,0.16666666666666666
197.50957357142863,0.125
197.9964307142858,0.16666666666666666
197.50957357142863,0.16666666666666666
197.74957357142864,0.125
198.00328785714294,0.16666666666666666
197.74957357142864,0.16666666666666666
197.98957357142865,0.125
198.01014500000008,0.16666666666666666
197.98957357142865,0.16666666666666666
197.9964307142858,0.125
198.00328785714294,0.08333333333333333
198.01014500000008,0.041666666666666664
198.01700214285722,0.0
203.042145,0.041666666666666664
203.042145,0.041666666666666664
203.04900214285715,0.08333333333333333
203.04217,0.08333333333333333
203.0558592857143,0.125
203.04219500000002,0.125
203.06271642857143,0.16666666666666666
203.04222000000001,0.16666666666666666
203.04900214285715,0.125
203.06957357142858,0.16666666666666666
203.04900214285715,0.16666666666666666
203.0558592857143,0.125
203.3095735714286,0.16666666666666666
203.0558592857143,0.16666666666666666
203.06271642857143,0.125
203.5495735714286,0.16666666666666666
203.06271642857143,0.16666666666666666
203.06957357142858,0.125
203.7895735714286,0.16666666666666666
203.06957357142858,0.16666666666666666
203.3095735714286,0.125
204.0295735714286,0.16666666666666666
203.3095735714286,0.16666666666666666
203.5495735714286,0.125
204.26957357142862,0.16666666666666666
203.5495735714286,0.16666666666666666
203.7895735714286,0.125
204.50957357142863,0.16666666666666666
203.7895735714286,0.16666666666666666
204.0295735714286,0.125
204.74957357142864,0.16666666666666666
204.0295735714286,0.16666666666666666
204.26957357142862,0.125
204.98957357142865,0.16666666666666666
204.26957357142862,0.16666666666666666
204.50957357142863,0.125
204.9964307142858,0.16666666666666666
204.50957357142863,0.16666666666666666
204.74957357142864,0.125
205.00328785714294,0.16666666666666666
204.74957357142864,0.16666666666666666
204.98957357142865,0.125
205.01014500000008,0.16666666666666666
204.98957357142865,0.16666666666666666
204.9964307142858,0.125
205.00328785714294,0.08333333333333333
205.01014500000008,0.041666666666666664
205.01700214285722,0.0
210.042145,0.041666666666666664
210.042145,0.041666666666666664
210.04900214285715,0.08333333333333333
210.04217,0.08333333333333333
210.0558592857143,0.125
210.04219500000002,0.125
210.06271642857143,0.16666666666666666
210.04222000000001,0.16666666666666666
210.04900214285715,0.125
210.06957357142858,0.16666666666666666
210.04900214285715,0.16666666666666666
210.0558592857143,0.125
210.3095735714286,0.16666666666666666
210.0558592857143,0.16666666666666666
210.06271642857143,0.125
210.5495735714286,0.16666666666666666
210.06271642857143,0.16666666666666666
210.06957357142858,0.125
210.7895735714286,0.16666666666666666
210.06957357142858,0.16666666666666666
210.3095735714286,0.125
211.0295735714286,0.16666666666666666
210.3095735714286,0.16666666666666666
210.5495735714286,0.125
211.26957357142862,0.16666666666666666
210.5495735714286,0.16666666666666666
210.7895735714286,0.125
211.50957357142863,0.16666666666666666
210.7895735714286,0.16666666666666666
211.0295735714286,0.125
211.74957357142864,0.16666666666666666
211.0295735714286,0.16666666666666666
211.26957357142862,0.125
211.98957357142865,0.16666666666666666
211.26957357142862,0.16666666666666666
211.50957357142863,0.125
211.9964307142858,0.16666666666666666
211.50957357142863,0.16666666666666666
211.74957357142864,0.125
212.00328785714294,0.16666666666666666
211.74957357142864,0.16666666666666666
211.98957357142865,0.125
212.01014500000008,0.16666666666666666
211.98957357142865,0.16666666666666666
211.9964307142858,0.125
212.00328785714294,0.08333333333333333
212.01014500000008,0.041666666666666664
212.01700214285722,0.0
217.042145,0.041666666666666664
217.042145,0.041666666666666664
217.04900214285715,0.08333333333333333
217.04217,0.08333333333333333
217.0558592857143,0.125
217.04219500000002,0.125
217.06271642857143,0.16666666666666666
217.04222000000001,0.16666666666666666
217.04900214285715,0.125
217.06957357142858,0.16666666666666666
217.04900214285715,0.16666666666666666
217.0558592857143,0.125
217.3095735714286,0.16666666666666666
217.0558592857143,0.16666666666666666
217.06271642857143,0.125
217.5495735714286,0.16666666666666666
217.06271642857143,0.16666666666666666
217.06957357142858,0.125
217.7895735714286,0.16666666666666666
217.06957357142858,0.16666666666666666
217.3095735714286,0.125
218.0295735714286,0.16666666666666666
217.3095735714286,0.16666666666666666
217.5495735714286,0.125
218.26957357142862,0.16666666666666666
217.5495735714286,0.16666666666666666
217.7895735714286,0.125
218.50957357142863,0.16666666666666666
217.7895735714286,0.16666666666666666
218.0295735714286,0.125
218.74957357142864,0.16666666666666666
218.0295735714286,0.16666666666666666
218.26957357142862,0.125
218.98957357142865,0.16666666666666666
218.26957357142862,0.16666666666666666
218.50957357142863,0.125
218.9964307142858,0.16666666666666666
218.50957357142863,0.16666666666666666
218.74957357142864,0.125
219.00328785714294,0.16666666666666666
218.74957357142864,0.16666666666666666
218.98957357142865,0.125
219.01014500000008,0.16666666666666666
218.98957357142865,0.16666666666666666
218.9964307142858,0.125
219.00328785714294,0.08333333333333333
219.01014500000008,0.041666666666666664
219.01700214285722,0.0
224.042145,0.041666666666666664
224.042145,0.041666666666666664
224.04900214285715,0.08333333333333333
224.04217,0.08333333333333333
224.0558592857143,0.125
224.04219500000002,0.125
224.06271642857143,0.16666666666666666
224.04222000000001,0.16666666666666666
224.04900214285715,0.125
224.06957357142858,0.16666666666666666
224.04900214285715,0.16666666666666666
224.0558592857143,0.125
224.3095735714286,0.16666666666666666
224.0558592857143,0.16666666666666666
224.06271642857143,0.125
224.5495735714286,0.16666666666666666
224.06271642857143,0.16666666666666666
224.06957357142858,0.125
224.7895735714286,0.16666666666666666
224.06957357142858,0.16666666666666666
224.3095735714286,0.125
225.0295735714286,0.16666666666666666
224.3095735714286,0.16666666666666666
224.5495735714286,0.125
225.26957357142862,0.16666666666666666
224.5495735714286,0.16666666666666666
224.7895735714286,0.125
225.50957357142863,0.16666666666666666
224.7895735714286,0.16666666666666666
225.0295735714286,0.125
225.74957357142864,0.16666666666666666
225.0295735714286,0.16666666666666666
225.26957357142862,0.125
225.98957357142865,0.16666666666666666
225.26957357142862,0.16666666666666666
225.50957357142863,0.125
225.9964307142858,0.16666666666666666
225.50957357142863,0.16666666666666666
225.74957357142864,0.125
226.00328785714294,0.16666666666666666
225.74957357142864,0.16666666666666666
225.98957357142865,0.125
226.01014500000008,0.16666666666666666
225.98957357142865,0.16666666666666666
225.9964307142858,0.125
226.00328785714294,0.08333333333333333
226.01014500000008,0.041666666666666664
226.01700214285722,0.0
231.042145,0.041666666666666664
231.042145,0.041666666666666664
231.04900214285715,0.08333333333333333
231.04217,0.08333333333333333
231.0558592857143,0.125
231.04219500000002,0.125
231.06271642857143,0.16666666666666666
231.04222000000001,0.16666666666666666
231.04900214285715,0.125
231.06957357142858,0.16666666666666666
231.04900214285715,0.16666666666666666
231.0558592857143,0.125
231.3095735714286,0.16666666666666666
231.0558592857143,0.16666666666666666
231.06271642857143,0.125
231.5495735714286,0.16666666666666666
231.06271642857143,0.16666666666666666
231.06957357142858,0.125
231.7895735714286,0.16666666666666666
231.06957357142858,0.16666666666666666
231.3095735714286,0.125
232.0295735714286,0.16666666666666666
231.3095735714286,0.16666666666666666
231.5495735714286,0.125
232.26957357142862,0.16666666666666666
231.5495735714286,0.16666666666666666
231.7895735714286,0.125
232.50957357142863,0.16666666666666666
231.7895735714286,0.16666666666666666
232.0295735714286,0.125
232.74957357142864,0.16666666666666666
232.0295735714286,0.16666666666666666
232.26957357142862,0.125
232.98957357142865,0.16666666666666666
232.26957357142862,0.16666666666666666
232.50957357142863,0.125
232.9964307142858,0.16666666666666666
232.50957357142863,0.16666666666666666
232.74957357142864,0.125
233.00328785714294,0.16666666666666666
232.74957357142864,0.16666666666666666
232.98957357142865,0.125
233.01014500000008,0.16666666666666666
232.98957357142865,0.16666666666666666
232.9964307142858,0.125
233.00328785714294,0.08333333333333333
233.01014500000008,0.041666666666666664
233.01700214285722,0.0
238.042145,0.041666666666666664
238.042145,0.041666666666666664
238.04900214285715,0.08333333333333333
238.04217,0.08333333333333333
238.0558592857143,0.125
238.04219500000002,0.125
238.06271642857143,0.16666666666666666
238.04222000000001,0.16666666666666666
238.04900214285715,0.125
238.06957357142858,0.16666666666666666
238.04900214285715,0.16666666666666666
238.0558592857143,0.125
238.3095735714286,0.16666666666666666
238.0558592857143,0.16666666666666666
238.06271642857143,0.125
238.5495735714286,0.16666666666666666
238.06271642857143,0.16666666666666666
238.06957357142858,0.125
238.7895735714286,0.16666666666666666
238.06957357142858,0.16666666666666666
238.3095735714286,0.125
239.0295735714286,0.16666666666666666
238.3095735714286,0.16666666666666666
238.5495735714286,0.125
239.26957357142862,0.16666666666666666
238.5495735714286,0.16666666666666666
238.7895735714286,0.125
239.50957357142863,0.16666666666666666
238.7895735714286,0.16666666666666666
239.0295735714286,0.125
239.74957357142864,0.16666666666666666
239.0295735714286,0.16666666666666666
239.26957357142862,0.125
239.98957357142865,0.16666666666666666
239.26957357142862,0.16666666666666666
239.50957357142863,0.125
239.9964307142858,0.16666666666666666
239.50957357142863,0.16666666666666666
239.74957357142864,0.125
240.00328785714294,0.16666666666666666
239.74957357142864,0.16666666666666666
239.98957357142865,0.125
240.01014500000008,0.16666666666666666
239.98957357142865,0.16666666666666666
239.9964307142858,0.125
240.00328785714294,0.08333333333333333
240.01014500000008,0.041666666666666664
240.01700214285722,0.0
245.042145,0.041666666666666664
245.042145,0.041666666666666664
245.04900214285715,0.08333333333333333
245.04217,0.08333333333333333
245.0558592857143,0.125
245.04219500000002,0.125
245.06271642857143,0.16666666666666666
245.04222000000001,0.16666666666666666
245.04900214285715,0.125
245.06957357142858,0.16666666666666666
245.04900214285715,0.16666666666666666
245.0558592857143,0.125
245.3095735714286,0.16666666666666666
245.0558592857143,0.16666666666666666
245.06271642857143,0.125
245.5495735714286,0.16666666666666666
245.06271642857143,0.16666666666666666
245.06957357142858,0.125
245.7895735714286,0.16666666666666666
245.06957357142858,0.16666666666666666
245.3095735714286,0.125
246.0295735714286,0.16666666666666666
245.3095735714286,0.16666666666666666
245.5495735714286,0.125
246.26957357142862,0.16666666666666666
245.5495735714286,0.16666666666666666
245.7895735714286,0.125
246.50957357142863,0.16666666666666666
245.7895735714286,0.16666666666666666
246.0295735714286,0.125
246.74957357142864,0.16666666666666666
246.0295735714286,0.16666666666666666
246.26957357142862,0.125
246.98957357142865,0.16666666666666666
246.26957357142862,0.16666666666666666
246.50957357142863,0.125
246.9964307142858,0.16666666666666666
246.50957357142863,0.16666666666666666
246.74957357142864,0.125
247.00328785714294,0.16666666666666666
246.74957357142864,0.16666666666666666
246.98957357142865,0.125
247.01014500000008,0.16666666666666666
246.98957357142865,0.16666666666666666
246.9964307142858,0.125
247.00328785714294,0.08333333333333333
247.01014500000008,0.041666666666666664
247.01700214285722,0.0
252.042145,0.041666666666666664
252.042145,0.041666666666666664
252.04900214285715,0.08333333333333333
252.04217,0.08333333333333333
252.0558592857143,0.125
252.04219500000002,0.125
252.06271642857143,0.16666666666666666
252.04222000000001,0.16666666666666666
252.04900214285715,0.125
252.06957357142858,0.16666666666666666
252.04900214285715,0.16666666666666666
252.0558592857143,0.125
252.3095735714286,0.16666666666666666
252.0558592857143,0.16666666666666666
252.06271642857143,0.125
252.5495735714286,0.16666666666666666
252.06271642857143,0.16666666666666666
252.06957357142858,0.125
252.7895735714286,0.16666666666666666
252.06957357142858,0.16666666666666666
252.3095735714286,0.125
253.0295735714286,0.16666666666666666
252.3095735714286,0.16666666666666666
252.5495735714286,0.125
253.26957357142862,0.16666666666666666
252.5495735714286,0.16666666666666666
252.7895735714286,0.125
253.50957357142863,0.16666666666666666
252.7895735714286,0.16666666666666666
253.0295735714286,0.125
253.74957357142864,0.16666666666666666
253.0295735714286,0.16666666666666666
253.26957357142862,0.125
253.98957357142865,0.16666666666666666
253.26957357142862,0.16666666666666666
253.50957357142863,0.125
253.9964307142858,0.16666666666666666
253.50957357142863,0.16666666666666666
253.74957357142864,0.125
254.00328785714294,0.16666666666666666
253.74957357142864,0.16666666666666666
253.98957357142865,0.125
254.01014500000008,0.16666666666666666
253.98957357142865,0.16666666666666666
253.9964307142858,0.125
254.00328785714294,0.08333333333333333
254.01014500000008,0.041666666666666664
254.01700214285722,0.0
259.042145,0.041666666666666664
259.042145,0.041666666666666664
259.04900214285715,0.08333333333333333
259.04217,0.08333333333333333
259.0558592857143,0.125
259.042195,0.125
259.06271642857143,0.16666666666666666
259.04222,0.16666666666666666
259.04900214285715,0.125
259.0695735714286,0.16666666666666666
259.04900214285715,0.16666666666666666
259.0558592857143,0.125
259.3095735714286,0.16666666666666666
259.0558592857143,0.16666666666666666
259.06271642857143,0.125
259.5495735714286,0.16666666666666666
259.06271642857143,0.16666666666666666
259.0695735714286,0.125
259.7895735714286,0.16666666666666666
259.0695735714286,0.16666666666666666
259.3095735714286,0.125
260.0295735714286,0.16666666666666666
259.3095735714286,0.16666666666666666
259.5495735714286,0.125
260.2695735714286,0.16666666666666666
259.5495735714286,0.16666666666666666
259.7895735714286,0.125
260.50957357142863,0.16666666666666666
259.7895735714286,0.16666666666666666
260.0295735714286,0.125
260.74957357142864,0.16666666666666666
260.0295735714286,0.16666666666666666
260.2695735714286,0.125
260.98957357142865,0.16666666666666666
260.2695735714286,0.16666666666666666
260.50957357142863,0.125
260.9964307142858,0.16666666666666666
260.50957357142863,0.16666666666666666
260.74957357142864,0.125
261.00328785714294,0.16666666666666666
260.74957357142864,0.16666666666666666
260.98957357142865,0.125
261.0101450000001,0.16666666666666666
260.98957357142865,0.16666666666666666
260.9964307142858,0.125
261.00328785714294,0.08333333333333333
261.0101450000001,0.041666666666666664
261.0170021428572,0.0
266.042145,0.041666666666666664
266.042145,0.041666666666666664
266.04900214285715,0.08333333333333333
266.04217,0.08333333333333333
266.0558592857143,0.125
266.042195,0.125
266.06271642857143,0.16666666666666666
266.04222,0.16666666666666666
266.04900214285715,0.125
266.0695735714286,0.16666666666666666
266.04900214285715,0.16666666666666666
266.0558592857143,0.125
266.3095735714286,0.16666666666666666
266.0558592857143,0.16666666666666666
266.06271642857143,0.125
266.5495735714286,0.16666666666666666
266.06271642857143,0.16666666666666666
266.0695735714286,0.125
266.7895735714286,0.16666666666666666
266.0695735714286,0.16666666666666666
266.3095735714286,0.125
267.0295735714286,0.16666666666666666
266.3095735714286,0.16666666666666666
266.5495735714286,0.125
267.2695735714286,0.16666666666666666
266.5495735714286,0.16666666666666666
266.7895735714286,0.125
267.50957357142863,0.16666666666666666
266.7895735714286,0.16666666666666666
267.0295735714286,0.125
267.74957357142864,0.16666666666666666
267.0295735714286,0.16666666666666666
267.2695735714286,0.125
267.98957357142865,0.16666666666666666
267.2695735714286,0.16666666666666666
267.50957357142863,0.125
267.9964307142858,0.16666666666666666
267.50957357142863,0.16666666666666666
267.74957357142864,0.125
268.00328785714294,0.16666666666666666
267.74957357142864,0.16666666666666666
267.98957357142865,0.125
268.0101450000001,0.16666666666666666
267.98957357142865,0.16666666666666666
267.9964307142858,0.125
268.00328785714294,0.08333333333333333
268.0101450000001,0.041666666666666664
268.0170021428572,0.0
273.042145,0.041666666666666664
273.042145,0.041666666666666664
273.04900214285715,0.08333333333333333
273.04217,0.08333333333333333
273.0558592857143,0.125
273.042195,0.125
273.06271642857143,0.16666666666666666
273.04222,0.16666666666666666
273.04900214285715,0.125
273.0695735714286,0.16666666666666666
273.04900214285715,0.16666666666666666
273.0558592857143,0.125
273.3095735714286,0.16666666666666666
273.0558592857143,0.16666666666666666
273.06271642857143,0.125
273.5495735714286,0.16666666666666666
273.06271642857143,0.16666666666666666
273.0695735714286,0.125
273.7895735714286,0.16666666666666666
273.0695735714286,0.16666666666666666
273.3095735714286,0.125
274.0295735714286,0.16666666666666666
273.3095735714286,0.16666666666666666
273.5495735714286,0.125
274.2695735714286,0.16666666666666666
273.5495735714286,0.16666666666666666
273.7895735714286,0.125
274.50957357142863,0.16666666666666666
273.7895735714286,0.16666666666666666
274.0295735714286,0.125
274.74957357142864,0.16666666666666666
274.0295735714286,0.16666666666666666
274.2695735714286,0.125
274.98957357142865,0.16666666666666666
274.2695735714286,0.16666666666666666
274.50957357142863,0.125
274.9964307142858,0.16666666666666666
274.50957357142863,0.16666666666666666
274.74957357142864,0.125
275.00328785714294,0.16666666666666666
274.74957357142864,0.16666666666666666
274.98957357142865,0.125
275.0101450000001,0.16666666666666666
274.98957357142865,0.16666666666666666
274.9964307142858,0.125
275.00328785714294,0.08333333333333333
275.0101450000001,0.041666666666666664
275.0170021428572,0.0
280.042145,0.041666666666666664
280.042145,0.041666666666666664
280.04900214285715,0.08333333333333333
280.04217,0.08333333333333333
280.0558592857143,0.125
280.042195,0.125
280.06271642857143,0.16666666666666666
280.04222,0.16666666666666666
280.04900214285715,0.125
280.0695735714286,0.16666666666666666
280.04900214285715,0.16666666666666666
280.0558592857143,0.125
280.3095735714286,0.16666666666666666
280.0558592857143,0.16666666666666666
280.06271642857143,0.125
280.5495735714286,0.16666666666666666
280.06271642857143,0.16666666666666666
280.0695735714286,0.125
280.7895735714286,0.16666666666666666
280.0695735714286,0.16666666666666666
280.3095735714286,0.125
281.0295735714286,0.16666666666666666
280.3095735714286,0.16666666666666666
280.5495735714286,0.125
281.2695735714286,0.16666666666666666
280.5495735714286,0.16666666666666666
280.7895735714286,0.125
281.50957357142863,0.16666666666666666
280.7895735714286,0.16666666666666666
281.0295735714286,0.125
281.74957357142864,0.16666666666666666
281.0295735714286,0.16666666666666666
281.2695735714286,0.125
281.98957357142865,0.16666666666666666
281.2695735714286,0.16666666666666666
281.50957357142863,0.125
281.9964307142858,0.16666666666666666
281.50957357142863,0.16666666666666666
281.74957357142864,0.125
282.00328785714294,0.16666666666666666
281.74957357142864,0.16666666666666666
281.98957357142865,0.125
282.0101450000001,0.16666666666666666
281.98957357142865,0.16666666666666666
281.9964307142858,0.125
282.00328785714294,0.08333333333333333
282.0101450000001,0.041666666666666664
282.0170021428572,0.0
287.042145,0.041666666666666664
287.042145,0.041666666666666664
287.04900214285715,0.08333333333333333
287.04217,0.08333333333333333
287.0558592857143,0.125
287.042195,0.125
287.06271642857143,0.16666666666666666
287.04222,0.16666666666666666
287.04900214285715,0.125
287.0695735714286,0.16666666666666666
287.04900214285715,0.16666666666666666
287.0558592857143,0.125
287.3095735714286,0.16666666666666666
287.0558592857143,0.16666666666666666
287.06271642857143,0.125
287.5495735714286,0.16666666666666666
287.06271642857143,0.16666666666666666
287.0695735714286,0.125
287.7895735714286,0.16666666666666666
287.0695735714286,0.16666666666666666
287.3095735714286,0.125
288.0295735714286,0.16666666666666666
287.3095735714286,0.16666666666666666
287.5495735714286,0.125
288.2695735714286,0.16666666666666666
287.5495735714286,0.16666666666666666
287.7895735714286,0.125
288.50957357142863,0.16666666666666666
287.7895735714286,0.16666666666666666
288.0295735714286,0.125
288.74957357142864,0.16666666666666666
288.0295735714286,0.16666666666666666
288.2695735714286,0.125
288.98957357142865,0.16666666666666666
288.2695735714286,0.16666666666666666
288.50957357142863,0.125
288.9964307142858,0.16666666666666666
288.50957357142863,0.16666666666666666
288.74957357142864,0.125
289.00328785714294,0.16666666666666666
288.74957357142864,0.16666666666666666
288.98957357142865,0.125
289.0101450000001,0.16666666666666666
288.98957357142865,0.16666666666666666
288.9964307142858,0.125
289.00328785714294,0.08333333333333333
289.0101450000001,0.041666666666666664
289.0170021428572,0.0
300.0,0.0
